{"cameraMode":{"drawMode":0,"name":"Shaded","section":"Shading Mode"},"sceneLighting":false,"audioPlay":false,"sceneViewState":{"m_AlwaysRefresh":false,"showFog":true,"showSkybox":false,"showFlares":true,"showImageEffects":true,"showParticleSystems":true,"showVisualEffectGraphs":true,"m_FxEnabled":true},"in2DMode":false,"pivot":{"x":4.150000095367432,"y":0.15411162376403809,"z":-3.9200000762939455},"rotation":{"x":-0.36246463656425478,"y":-0.26147499680519106,"z":0.10652338713407517,"w":-0.8884984254837036},"size":1.059777855873108,"orthographic":false}