{"cameraMode":{"drawMode":0,"name":"Shaded","section":"Shading Mode"},"sceneLighting":false,"audioPlay":false,"sceneViewState":{"m_AlwaysRefresh":false,"showFog":true,"showSkybox":false,"showFlares":true,"showImageEffects":true,"showParticleSystems":true,"showVisualEffectGraphs":true,"m_FxEnabled":true},"in2DMode":false,"pivot":{"x":291.0172119140625,"y":376.4888000488281,"z":49.68109130859375},"rotation":{"x":-0.11397510766983032,"y":0.04204542934894562,"z":-0.005012646317481995,"w":-0.9928432106971741},"size":103.28657531738281,"orthographic":false}