{"cameraMode":{"drawMode":0,"name":"Shaded","section":"Shading Mode"},"sceneLighting":false,"audioPlay":false,"sceneViewState":{"m_AlwaysRefresh":false,"showFog":true,"showSkybox":false,"showFlares":true,"showImageEffects":true,"showParticleSystems":true,"showVisualEffectGraphs":true,"m_FxEnabled":true},"in2DMode":false,"pivot":{"x":-0.04526183009147644,"y":0.48076510429382326,"z":-7.450580596923828e-8},"rotation":{"x":-0.1250387281179428,"y":-0.03507275879383087,"z":0.004339087754487991,"w":-0.9918439388275147},"size":1.1208159923553467,"orthographic":false}