{"cameraMode":{"drawMode":0,"name":"Shaded","section":"Shading Mode"},"sceneLighting":false,"audioPlay":false,"sceneViewState":{"m_AlwaysRefresh":false,"showFog":true,"showSkybox":false,"showFlares":true,"showImageEffects":true,"showParticleSystems":true,"showVisualEffectGraphs":true,"m_FxEnabled":true},"in2DMode":false,"pivot":{"x":-0.07000017166137696,"y":0.7880001068115234,"z":0.3299999237060547},"rotation":{"x":-0.04078845679759979,"y":0.7458181381225586,"z":-0.046001847833395007,"w":-0.6636428236961365},"size":7.407808303833008,"orthographic":false}