{"cameraMode":{"drawMode":0,"name":"Shaded","section":"Shading Mode"},"sceneLighting":false,"audioPlay":false,"sceneViewState":{"m_AlwaysRefresh":false,"showFog":true,"showSkybox":false,"showFlares":true,"showImageEffects":true,"showParticleSystems":true,"showVisualEffectGraphs":true,"m_FxEnabled":true},"in2DMode":false,"pivot":{"x":-0.019423961639404298,"y":0.850112795829773,"z":0.028449133038520814},"rotation":{"x":-0.0005256691365502775,"y":-0.9953039288520813,"z":0.09946506470441818,"w":-0.0027020471170544626},"size":1.2222869396209717,"orthographic":false}