{"cameraMode":{"drawMode":0,"name":"Shaded","section":"Shading Mode"},"sceneLighting":false,"audioPlay":false,"sceneViewState":{"m_AlwaysRefresh":false,"showFog":true,"showSkybox":false,"showFlares":true,"showImageEffects":true,"showParticleSystems":true,"showVisualEffectGraphs":true,"m_FxEnabled":true},"in2DMode":false,"pivot":{"x":237.9179229736328,"y":226.25582885742188,"z":66.88335418701172},"rotation":{"x":-0.11397510766983032,"y":0.04204542934894562,"z":-0.005012646317481995,"w":-0.9928432106971741},"size":212.1320343017578,"orthographic":false}