{"cameraMode":{"drawMode":0,"name":"Shaded","section":"Shading Mode"},"sceneLighting":false,"audioPlay":false,"sceneViewState":{"m_AlwaysRefresh":false,"showFog":true,"showSkybox":false,"showFlares":true,"showImageEffects":true,"showParticleSystems":true,"showVisualEffectGraphs":true,"m_FxEnabled":true},"in2DMode":false,"pivot":{"x":275.9508056640625,"y":354.6224060058594,"z":68.68094635009766},"rotation":{"x":-0.19726426899433137,"y":0.022015754133462907,"z":-0.004561630077660084,"w":-0.9801490306854248},"size":115.25840759277344,"orthographic":false}