{"cameraMode":{"drawMode":0,"name":"Shaded","section":"Shading Mode"},"sceneLighting":false,"audioPlay":false,"sceneViewState":{"m_AlwaysRefresh":false,"showFog":true,"showSkybox":false,"showFlares":true,"showImageEffects":true,"showParticleSystems":true,"showVisualEffectGraphs":true,"m_FxEnabled":true},"in2DMode":false,"pivot":{"x":99.07113647460938,"y":240.94061279296876,"z":22.616233825683595},"rotation":{"x":-0.16071298718452454,"y":0.007980765774846077,"z":-0.0013103536330163479,"w":-0.9870220422744751},"size":388.8782043457031,"orthographic":false}