{"cameraMode":{"drawMode":0,"name":"Shaded","section":"Shading Mode"},"sceneLighting":false,"audioPlay":false,"sceneViewState":{"m_AlwaysRefresh":false,"showFog":true,"showSkybox":false,"showFlares":true,"showImageEffects":true,"showParticleSystems":true,"showVisualEffectGraphs":true,"m_FxEnabled":true},"in2DMode":false,"pivot":{"x":-0.7476575970649719,"y":0.466460645198822,"z":-0.0019033551216125489},"rotation":{"x":0.03901425376534462,"y":0.008122305385768414,"z":0.0008354238234460354,"w":0.9995110630989075},"size":1.3409953117370606,"orthographic":false}