{"cameraMode":{"drawMode":0,"name":"Shaded","section":"Shading Mode"},"sceneLighting":false,"audioPlay":false,"sceneViewState":{"m_AlwaysRefresh":false,"showFog":true,"showSkybox":false,"showFlares":true,"showImageEffects":true,"showParticleSystems":true,"showVisualEffectGraphs":true,"m_FxEnabled":true},"in2DMode":false,"pivot":{"x":-0.01783132553100586,"y":0.016278445720672609,"z":0.6853638887405396},"rotation":{"x":-0.1414242833852768,"y":-0.0166623592376709,"z":0.0022881152108311655,"w":-0.9898759126663208},"size":0.7964443564414978,"orthographic":false}