{"cameraMode":{"drawMode":0,"name":"Shaded","section":"Shading Mode"},"sceneLighting":false,"audioPlay":false,"sceneViewState":{"m_AlwaysRefresh":false,"showFog":true,"showSkybox":false,"showFlares":true,"showImageEffects":true,"showParticleSystems":true,"showVisualEffectGraphs":true,"m_FxEnabled":true},"in2DMode":false,"pivot":{"x":314.6278991699219,"y":373.69903564453127,"z":78.42704772949219},"rotation":{"x":-0.19726426899433137,"y":0.022015754133462907,"z":-0.004561630077660084,"w":-0.9801490306854248},"size":198.4943389892578,"orthographic":false}